Mean,Sigma
13.922450672816147,0.812535837241728
14.229456828448374,0.05766462384125859
